{"cameraMode":{"drawMode":0,"name":"Shaded","section":"Shading Mode"},"sceneLighting":false,"audioPlay":false,"sceneViewState":{"showFog":true,"showMaterialUpdate":false,"showSkybox":false,"showFlares":true,"showImageEffects":true,"showParticleSystems":true},"in2DMode":false,"pivot":{"x":0.013100355863571167,"y":0.00552927702665329,"z":0.013624444603919983},"rotation":{"x":-0.22211328148841859,"y":0.4361388683319092,"z":-0.1120133101940155,"w":-0.8648176193237305},"size":0.2036464810371399,"orthographic":false}