{"cameraMode":{"drawMode":0,"name":"Shaded","section":"Shading Mode"},"sceneLighting":false,"audioPlay":false,"sceneViewState":{"showFog":true,"showMaterialUpdate":false,"showSkybox":false,"showFlares":true,"showImageEffects":true,"showParticleSystems":true},"in2DMode":false,"pivot":{"x":0.03142215311527252,"y":-0.02731078863143921,"z":-0.03158050775527954},"rotation":{"x":0.27648213505744936,"y":0.04262319579720497,"z":-0.012242167256772519,"w":0.96009761095047},"size":0.8059791922569275,"orthographic":false}