{"cameraMode":{"drawMode":0,"name":"Shaded","section":"Shading Mode"},"sceneLighting":true,"audioPlay":false,"sceneViewState":{"showFog":true,"showMaterialUpdate":false,"showSkybox":true,"showFlares":true,"showImageEffects":true,"showParticleSystems":true},"in2DMode":false,"pivot":{"x":-2.5371484756469728,"y":-0.5382074117660523,"z":11.719704627990723},"rotation":{"x":0.31036287546157839,"y":0.22882884740829469,"z":-0.07726696133613587,"w":0.9195785522460938},"size":1.433030366897583,"orthographic":false}